admin_id,hire_date,admin_name,password
1,1/19/2023,Darnell Ioannidis,oifiasiy
2,4/9/2023,Jaymee MacAdam,etqflfrs
3,10/5/2022,Lorianne Lorkins,qstibghq
4,11/15/2022,Gwendolyn Spain-Gower,iqevudym
5,8/23/2023,Carlye O'Fallone,dhgjxcbn
6,1/22/2023,Maxie Sink,ybyydxfx
7,6/1/2023,Matthias Chidley,rmiobqbj
8,4/4/2023,Frans Claypoole,dznccflg
9,2/1/2023,Dalenna Williams,masplnmj
10,8/1/2023,Torey MacRierie,xloyxzwd
11,5/14/2023,Agna Ismirnioglou,pqjipgif
12,11/7/2022,Ham Alishoner,vsgqzerm
13,12/15/2022,Mufinella Fadell,qscsyljr
14,6/30/2023,Rip Bedinham,kbkqiydg
15,2/25/2023,Arabelle Diprose,nazzqzci
16,7/8/2023,Hube Himsworth,skmsugwn
17,12/18/2022,Cyrill Rollason,rxkwznqe
18,12/3/2022,Greta Zoppie,klfqbfrz
19,9/26/2023,Ursola Grishkov,spzouqxr
20,11/4/2022,Addison MacLaverty,jefmljgs
21,1/30/2023,Neala McCarly,bzmacuwx
22,8/17/2023,Tabbie Ivetts,briyclzy
23,9/16/2023,Tonnie Bearcroft,wxrphvwc
24,8/6/2023,Madlin Kier,yqeweutm
25,11/29/2022,Otha Laudham,nmvzkfis
26,3/19/2023,Roderick Macieja,ftnuihrx
27,7/22/2023,Everard Glidder,dznwlmtb
28,8/25/2023,Marsiella Brownsill,sjaoaatw
29,4/7/2023,Carver Glowacz,acsqmbvc
30,6/1/2023,Hildagard Kell,penxyvee
